{
    "conf": {
        "version": "1.0.1.1",
        "sort_subdir": false,
        "color_background": "#262626",
        "color_main": "#eda850",
        "active_lang": "en",
        "stats": false,
        "sort_magika": false
    },
    "magika": {
        "Images": [],
        "Videos": [],
        "Audio": [],
        "Documents": [],
        "Archives": [],
        "3D Models": [],
        "PCB": [],
        "Code": [],
        "Executables": [],
        "Fonts": [],
        "Other": []
    },
    "help": {
        "Simple Menu Help": "This is the simple mode of the folder sorter where you just select a folder and then sort.",
        "Advanced Menu Help": "This will bring you to another menu where you can select one of the following options: \n1. Advanced scripting mode \n2. Advanced checkbox mode",
        "Select Language Help": "This will change the language of the program. You can choose either English or German.",
        "Sort with Config File Menu Help": "In this menu, you can write a configuration for the sorting. Refer to Readme.md for instructions. You can select a folder, the written .json file, and then sort it according to the defined configuration.",
        "Sort with Checkboxes Menu Help": "In this mode, you can check the checkboxes for the categories that you want to sort and select a folder that you want to sort.",
        "Select Folder Help": "If you press this button, you can select the folder that you want to sort.",
        "Select Folder Advanced script Help": "If you press this button, you can select the folder that you want to sort.",
        "Select Config File Help": "If you press this button, you can select the .json file for the configuration.",
        "Select Advanced Checkbox Folder Help": "If you press this button, you can select the folder that you want to sort.",
        "Sort Simple Help": "If you press this button, the program will sort the folder based on a predefined configuration.",
        "Sort with Config File Help": "If you press this button, the program will sort the selected folder according to the selected config file.",
        "Sort with Checkboxes Help": "If you press this button, the program will sort the selected folder based on the categories you've checked.",
        "Sort Subfolders Help": "If you check this checkbox, the program will sort every subfolder within the selected folder; otherwise, it will ignore them.",
        "Checkboxes Help": "Here, you can check every category that you'd like to sort.",
        "Language Menu Help": "In this menu, you can select the language for the program.",
        "Color Menu Help": "In this menu, you can select the color for the program.",
        "Statistics Help": "This will show you the statistics of the sorting process."
    },
    "language": {
        "en": [
            "Select a mode",
            "Simple Mode",
            "Advanced Mode",
            "Exit",
            "About",
            "Sort Subfolders",
            "Main Menu",
            "Select Folder",
            "Sort",
            "Select the Mode you want",
            "Sort with Config File",
            "Sort with Checkboxes",
            "Cabug Folder Sorter Advanced",
            "Cabug Folder Sorter Advanced",
            "Images",
            "Videos",
            "Audio",
            "Documents",
            "Archives",
            "3D Models",
            "PCB",
            "Code",
            "Executables",
            "Fonts",
            "Other",
            "Cabug Folder Sorter Advanced",
            "Select Config File",
            "Do you want to quit?",
            "Cabug Folder Sorter Basic"
        ],
        "de": [
            "W\u00e4hle einen Modus",
            "Einfacher Modus",
            "Erweiterter Modus",
            "Beenden",
            "\u00dcber uns",
            "Unterordner sortieren",
            "Hauptmen\u00fc",
            "Ordner ausw\u00e4hlen",
            "Sortieren",
            "W\u00e4hle den gew\u00fcnschten Modus",
            "Sortieren mit Konfigurationsdatei",
            "Sortieren mit Kontrollk\u00e4stchen",
            "Cabug Ordner Sortierer Fortgeschritten",
            "Cabug Ordner Sortierer Fortgeschritten",
            "Bilder",
            "Videos",
            "Audio",
            "Dokumente",
            "Archive",
            "3D-Modelle",
            "Leiterplatten",
            "Code",
            "Ausf\u00fchrbare Dateien",
            "Schriftarten",
            "Andere",
            "Cabug Ordner Sortierer Fortgeschritten",
            "Konfigurationsdatei ausw\u00e4hlen",
            "M\u00f6chten Sie das Programm beenden?",
            "Cabug Ordner Sortierer Basic"
        ],
        "es": [
            "Selecciona un modo",
            "Modo Simple",
            "Modo Avanzado",
            "Salir",
            "Acerca de",
            "Ordenar Subcarpetas",
            "Men\u00fa Principal",
            "Seleccionar Carpeta",
            "Ordenar",
            "Selecciona el modo que deseas",
            "Ordenar con Archivo de Configuraci\u00f3n",
            "Ordenar con Casillas de Verificaci\u00f3n",
            "Cabug Clasificador de Carpetas Avanzado",
            "Cabug Clasificador de Carpetas Avanzado",
            "Im\u00e1genes",
            "Videos",
            "Audio",
            "Documentos",
            "Archivos",
            "Modelos 3D",
            "PCB",
            "C\u00f3digo",
            "Ejecutables",
            "Fuentes",
            "Otro",
            "Cabug Clasificador de Carpetas Avanzado",
            "Seleccionar Archivo de Configuraci\u00f3n",
            "\u00bfDeseas salir?",
            "Cabug Clasificador de Carpetas B\u00e1sico"
        ],
        "fr": [
            "S\u00e9lectionnez un mode",
            "Mode Simple",
            "Mode Avanc\u00e9",
            "Quitter",
            "\u00c0 propos de",
            "Trier les sous-dossiers",
            "Menu Principal",
            "S\u00e9lectionner un dossier",
            "Trier",
            "S\u00e9lectionnez le mode que vous souhaitez",
            "Trier avec un fichier de configuration",
            "Trier avec des cases \u00e0 cocher",
            "Cabug Trieur de Dossiers Avanc\u00e9",
            "Cabug Trieur de Dossiers Avanc\u00e9",
            "Images",
            "Vid\u00e9os",
            "Audio",
            "Documents",
            "Archives",
            "Mod\u00e8les 3D",
            "PCB",
            "Code",
            "Ex\u00e9cutables",
            "Polices",
            "Autre",
            "Cabug Trieur de Dossiers Avanc\u00e9",
            "S\u00e9lectionner un fichier de configuration",
            "Voulez-vous quitter ?",
            "Cabug Trieur de Dossiers Basique"
        ],
        "ru": [
            "\u0412\u044b\u0431\u0435\u0440\u0438\u0442\u0435 \u0440\u0435\u0436\u0438\u043c",
            "\u041f\u0440\u043e\u0441\u0442\u043e\u0439 \u0440\u0435\u0436\u0438\u043c",
            "\u0420\u0430\u0441\u0448\u0438\u0440\u0435\u043d\u043d\u044b\u0439 \u0440\u0435\u0436\u0438\u043c",
            "\u0412\u044b\u0445\u043e\u0434",
            "\u041e \u043f\u0440\u043e\u0433\u0440\u0430\u043c\u043c\u0435",
            "\u0421\u043e\u0440\u0442\u0438\u0440\u043e\u0432\u043a\u0430 \u043f\u043e\u0434\u043f\u0430\u043f\u043e\u043a",
            "\u0413\u043b\u0430\u0432\u043d\u043e\u0435 \u043c\u0435\u043d\u044e",
            "\u0412\u044b\u0431\u0435\u0440\u0438\u0442\u0435 \u043f\u0430\u043f\u043a\u0443",
            "\u0421\u043e\u0440\u0442\u0438\u0440\u043e\u0432\u0430\u0442\u044c",
            "\u0412\u044b\u0431\u0435\u0440\u0438\u0442\u0435 \u0436\u0435\u043b\u0430\u0435\u043c\u044b\u0439 \u0440\u0435\u0436\u0438\u043c",
            "\u0421\u043e\u0440\u0442\u0438\u0440\u043e\u0432\u043a\u0430 \u0441 \u0444\u0430\u0439\u043b\u043e\u043c \u043a\u043e\u043d\u0444\u0438\u0433\u0443\u0440\u0430\u0446\u0438\u0438",
            "\u0421\u043e\u0440\u0442\u0438\u0440\u043e\u0432\u043a\u0430 \u0441 \u043f\u043e\u043c\u043e\u0449\u044c\u044e \u0444\u043b\u0430\u0436\u043a\u043e\u0432",
            "\u0420\u0430\u0441\u0448\u0438\u0440\u0435\u043d\u043d\u044b\u0439 \u0441\u043e\u0440\u0442\u0438\u0440\u043e\u0432\u0449\u0438\u043a \u043f\u0430\u043f\u043e\u043a Cabug",
            "\u0420\u0430\u0441\u0448\u0438\u0440\u0435\u043d\u043d\u044b\u0439 \u0441\u043e\u0440\u0442\u0438\u0440\u043e\u0432\u0449\u0438\u043a \u043f\u0430\u043f\u043e\u043a Cabug",
            "\u0418\u0437\u043e\u0431\u0440\u0430\u0436\u0435\u043d\u0438\u044f",
            "\u0412\u0438\u0434\u0435\u043e",
            "\u0410\u0443\u0434\u0438\u043e",
            "\u0414\u043e\u043a\u0443\u043c\u0435\u043d\u0442\u044b",
            "\u0410\u0440\u0445\u0438\u0432\u044b",
            "3D-\u043c\u043e\u0434\u0435\u043b\u0438",
            "\u041f\u0435\u0447\u0430\u0442\u043d\u044b\u0435 \u043f\u043b\u0430\u0442\u044b",
            "\u041a\u043e\u0434",
            "\u0418\u0441\u043f\u043e\u043b\u043d\u044f\u0435\u043c\u044b\u0435 \u0444\u0430\u0439\u043b\u044b",
            "\u0428\u0440\u0438\u0444\u0442\u044b",
            "\u0414\u0440\u0443\u0433\u043e\u0435",
            "\u0420\u0430\u0441\u0448\u0438\u0440\u0435\u043d\u043d\u044b\u0439 \u0441\u043e\u0440\u0442\u0438\u0440\u043e\u0432\u0449\u0438\u043a \u043f\u0430\u043f\u043e\u043a Cabug",
            "\u0412\u044b\u0431\u0440\u0430\u0442\u044c \u0444\u0430\u0439\u043b \u043a\u043e\u043d\u0444\u0438\u0433\u0443\u0440\u0430\u0446\u0438\u0438",
            "\u0425\u043e\u0442\u0438\u0442\u0435 \u0432\u044b\u0439\u0442\u0438?",
            "\u0411\u0430\u0437\u043e\u0432\u044b\u0439 \u0441\u043e\u0440\u0442\u0438\u0440\u043e\u0432\u0449\u0438\u043a \u043f\u0430\u043f\u043e\u043a Cabug"
        ],
        "pt": [
            "Selecione um modo",
            "Modo Simples",
            "Modo Avan\u00e7ado",
            "Sair",
            "Sobre",
            "Ordenar Subpastas",
            "Menu Principal",
            "Selecionar Pasta",
            "Ordenar",
            "Selecione o modo desejado",
            "Ordenar com Arquivo de Configura\u00e7\u00e3o",
            "Ordenar com Caixas de Sele\u00e7\u00e3o",
            "Cabug Organizador de Pastas Avan\u00e7ado",
            "Cabug Organizador de Pastas Avan\u00e7ado",
            "Imagens",
            "V\u00eddeos",
            "\u00c1udio",
            "Documentos",
            "Arquivos",
            "Modelos 3D",
            "PCB",
            "C\u00f3digo",
            "Execut\u00e1veis",
            "Fontes",
            "Outros",
            "Cabug Organizador de Pastas Avan\u00e7ado",
            "Selecionar Arquivo de Configura\u00e7\u00e3o",
            "Deseja sair?",
            "Cabug Organizador de Pastas B\u00e1sico"
        ],
        "sv": [
            "V\u00e4lj l\u00e4ge",
            "Enkelt l\u00e4ge",
            "Avancerat l\u00e4ge",
            "Avsluta",
            "Om",
            "Sortera undermappar",
            "Huvudmeny",
            "V\u00e4lj mapp",
            "Sortera",
            "V\u00e4lj det l\u00e4ge du vill ha",
            "Sortera med konfigurationsfil",
            "Sortera med kryssrutor",
            "Cabug Mappsorterare Avancerad",
            "Cabug Mappsorterare Avancerad",
            "Bilder",
            "Videor",
            "Ljud",
            "Dokument",
            "Arkiv",
            "3D-modeller",
            "PCB",
            "Kod",
            "K\u00f6rbara filer",
            "Teckensnitt",
            "Annat",
            "Cabug Mappsorterare Avancerad",
            "V\u00e4lj konfigurationsfil",
            "Vill du avsluta?",
            "Cabug Mappsorterare Grundl\u00e4ggande"
        ],
        "ja": [
            "\u30e2\u30fc\u30c9\u3092\u9078\u629e",
            "\u30b7\u30f3\u30d7\u30eb\u30e2\u30fc\u30c9",
            "\u9ad8\u5ea6\u306a\u30e2\u30fc\u30c9",
            "\u7d42\u4e86",
            "\u7d04",
            "\u30b5\u30d6\u30d5\u30a9\u30eb\u30c0\u3092\u30bd\u30fc\u30c8",
            "\u30e1\u30a4\u30f3\u30e1\u30cb\u30e5\u30fc",
            "\u30d5\u30a9\u30eb\u30c0\u3092\u9078\u629e",
            "\u30bd\u30fc\u30c8",
            "\u9078\u629e\u3057\u305f\u30e2\u30fc\u30c9",
            "\u69cb\u6210\u30d5\u30a1\u30a4\u30eb\u3067\u30bd\u30fc\u30c8",
            "\u30c1\u30a7\u30c3\u30af\u30dc\u30c3\u30af\u30b9\u3067\u30bd\u30fc\u30c8",
            "Cabug\u30d5\u30a9\u30eb\u30c0\u30bd\u30fc\u30bf\u30fc\u306e\u9ad8\u5ea6\u306a\u6a5f\u80fd",
            "Cabug\u30d5\u30a9\u30eb\u30c0\u30bd\u30fc\u30bf\u30fc\u306e\u9ad8\u5ea6\u306a\u6a5f\u80fd",
            "\u753b\u50cf",
            "\u30d3\u30c7\u30aa",
            "\u30aa\u30fc\u30c7\u30a3\u30aa",
            "\u30c9\u30ad\u30e5\u30e1\u30f3\u30c8",
            "\u30a2\u30fc\u30ab\u30a4\u30d6",
            "3D\u30e2\u30c7\u30eb",
            "PCB",
            "\u30b3\u30fc\u30c9",
            "\u5b9f\u884c\u53ef\u80fd\u30d5\u30a1\u30a4\u30eb",
            "\u30d5\u30a9\u30f3\u30c8",
            "\u305d\u306e\u4ed6",
            "Cabug\u30d5\u30a9\u30eb\u30c0\u30bd\u30fc\u30bf\u30fc\u306e\u9ad8\u5ea6\u306a\u6a5f\u80fd",
            "\u69cb\u6210\u30d5\u30a1\u30a4\u30eb\u3092\u9078\u629e",
            "\u7d42\u4e86\u3057\u307e\u3059\u304b\uff1f",
            "Cabug\u30d5\u30a9\u30eb\u30c0\u30bd\u30fc\u30bf\u30fc\u30d9\u30fc\u30b7\u30c3\u30af"
        ]
    }
}